
/////////////////////////////////////////////////////////joueur///////////////////////////////////////////////////
INSERT INTO JOUEURS (JONUMERO, JONOM, JOPRENOM, JODATE_NAI, JOEMAIL, JOPOSTE, JOTELEPHONE) VALUES (1, 'DUPONT', 'THOMAS', TO_DATE('1995-05-12', 'YYYY-MM-DD'), 'thomas.dupont@mail.com', 'GARDIEN', '0601020304');

INSERT INTO JOUEURS (JONUMERO, JONOM, JOPRENOM, JODATE_NAI, JOEMAIL, JOPOSTE, JOTELEPHONE) VALUES (2, 'LECLERC', 'PAUL', TO_DATE('1997-11-30', 'YYYY-MM-DD'), 'paul.leclerc@mail.com', 'DEFENSEUR', '0602030405');
    
INSERT INTO JOUEURS (JONUMERO, JONOM, JOPRENOM, JODATE_NAI, JOEMAIL, JOPOSTE, JOTELEPHONE) VALUES (3, 'BERTRAND', 'HUGO', TO_DATE('1996-09-25', 'YYYY-MM-DD'), 'hugo.bertrand@mail.com', 'MILIEU', '0603040506');

INSERT INTO JOUEURS (JONUMERO, JONOM, JOPRENOM, JODATE_NAI, JOEMAIL, JOPOSTE, JOTELEPHONE) VALUES (4, 'MARTIN', 'ARTHUR', TO_DATE('1999-03-15', 'YYYY-MM-DD'), 'arthur.martin@mail.com', 'ATTAQUANT', '0604050607');

INSERT INTO JOUEURS (JONUMERO, JONOM, JOPRENOM, JODATE_NAI, JOEMAIL, JOPOSTE, JOTELEPHONE) VALUES (5, 'ROUSSEAU', 'JULIEN', TO_DATE('1994-08-19', 'YYYY-MM-DD'), 'julien.rousseau@mail.com', 'DEFENSEUR', '0605060708');

INSERT INTO JOUEURS (JONUMERO, JONOM, JOPRENOM, JODATE_NAI, JOEMAIL, JOPOSTE, JOTELEPHONE) VALUES (6, 'MOREAU', 'MATHIEU', TO_DATE('1992-02-11', 'YYYY-MM-DD'), 'mathieu.moreau@mail.com', 'MILIEU', '0606070809');

INSERT INTO JOUEURS (JONUMERO, JONOM, JOPRENOM, JODATE_NAI, JOEMAIL, JOPOSTE, JOTELEPHONE) VALUES (7, 'LEROY', 'LOUIS', TO_DATE('2001-06-23', 'YYYY-MM-DD'), 'louis.leroy@mail.com', 'ATTAQUANT', '0607080901');

INSERT INTO JOUEURS (JONUMERO, JONOM, JOPRENOM, JODATE_NAI, JOEMAIL, JOPOSTE, JOTELEPHONE) VALUES (8, 'BONNET', 'ANTOINE', TO_DATE('1998-10-08', 'YYYY-MM-DD'), 'antoine.bonnet@mail.com', 'DEFENSEUR', '0608090102');
    
INSERT INTO JOUEURS (JONUMERO, JONOM, JOPRENOM, JODATE_NAI, JOEMAIL, JOPOSTE, JOTELEPHONE) VALUES (9, 'SIMON', 'GAUTHIER', TO_DATE('2000-04-05', 'YYYY-MM-DD'), 'gauthier.simon@mail.com', 'MILIEU', '0609010203');

INSERT INTO JOUEURS (JONUMERO, JONOM, JOPRENOM, JODATE_NAI, JOEMAIL, JOPOSTE, JOTELEPHONE) VALUES (10, 'LAURENT', 'CLÉMENT', TO_DATE('1997-12-20', 'YYYY-MM-DD'), 'clement.laurent@mail.com', 'ATTAQUANT', '0610203040');

INSERT INTO JOUEURS (JONUMERO, JONOM, JOPRENOM, JODATE_NAI, JOEMAIL, JOPOSTE, JOTELEPHONE) VALUES (11, 'CHEVALIER', 'ALEXIS', TO_DATE('1995-07-14', 'YYYY-MM-DD'), 'alexis.chevalier@mail.com', 'DEFENSEUR', '0605061020');

INSERT INTO JOUEURS (JONUMERO, JONOM, JOPRENOM, JODATE_NAI, JOEMAIL, JOPOSTE, JOTELEPHONE) VALUES (12, 'DUVAL', 'ROMAIN', TO_DATE('1993-09-18', 'YYYY-MM-DD'), 'romain.duval@mail.com', 'GARDIEN', '0606092030');

INSERT INTO JOUEURS (JONUMERO, JONOM, JOPRENOM, JODATE_NAI, JOEMAIL, JOPOSTE, JOTELEPHONE) VALUES (13, 'GAUTIER', 'NICOLAS', TO_DATE('1996-11-21', 'YYYY-MM-DD'), 'nicolas.gautier@mail.com', 'MILIEU', '0605123040');

INSERT INTO JOUEURS (JONUMERO, JONOM, JOPRENOM, JODATE_NAI, JOEMAIL, JOPOSTE, JOTELEPHONE) VALUES (14, 'BRUN', 'FABIEN', TO_DATE('1998-01-12', 'YYYY-MM-DD'), 'fabien.brun@mail.com', 'ATTAQUANT', '0612132030');

INSERT INTO JOUEURS (JONUMERO, JONOM, JOPRENOM, JODATE_NAI, JOEMAIL, JOPOSTE, JOTELEPHONE) VALUES (15, 'LEMAIRE', 'JONATHAN', TO_DATE('2000-08-16', 'YYYY-MM-DD'), 'jonathan.lemaire@mail.com', 'MILIEU', '0606172030');

INSERT INTO JOUEURS (JONUMERO, JONOM, JOPRENOM, JODATE_NAI, JOEMAIL, JOPOSTE, JOTELEPHONE) VALUES (16, 'GILBERT', 'FLORENT', TO_DATE('1995-10-07', 'YYYY-MM-DD'), 'florent.gilbert@mail.com', 'DEFENSEUR', '0607181020');

INSERT INTO JOUEURS (JONUMERO, JONOM, JOPRENOM, JODATE_NAI, JOEMAIL, JOPOSTE, JOTELEPHONE) VALUES (17, 'PERRIN', 'LUCAS', TO_DATE('1999-11-13', 'YYYY-MM-DD'), 'lucas.perrin@mail.com', 'GARDIEN', '0608193040');

INSERT INTO JOUEURS (JONUMERO, JONOM, JOPRENOM, JODATE_NAI, JOEMAIL, JOPOSTE, JOTELEPHONE) VALUES (18, 'ROBIN', 'PASCAL', TO_DATE('1997-04-11', 'YYYY-MM-DD'), 'pascal.robin@mail.com', 'DEFENSEUR', '0610204050');

INSERT INTO JOUEURS (JONUMERO, JONOM, JOPRENOM, JODATE_NAI, JOEMAIL, JOPOSTE, JOTELEPHONE) VALUES (19, 'RENAUD', 'DAMIEN', TO_DATE('1994-02-09', 'YYYY-MM-DD'), 'damien.renaud@mail.com', 'MILIEU', '0602036070');

INSERT INTO JOUEURS (JONUMERO, JONOM, JOPRENOM, JODATE_NAI, JOEMAIL, JOPOSTE, JOTELEPHONE) VALUES (20, 'BAUDRY', 'SÉBASTIEN', TO_DATE('1996-06-22', 'YYYY-MM-DD'), 'sebastien.baudry@mail.com', 'ATTAQUANT', '0613144050');

INSERT INTO JOUEURS (JONUMERO, JONOM, JOPRENOM, JODATE_NAI, JOEMAIL, JOPOSTE, JOTELEPHONE) VALUES 
(21, 'MARCHAND', 'JULIEN', TO_DATE('10/01/1995', 'DD/MM/YYYY'), 'julien.marchand@mail.com', 'MILIEU', '0613244051');

INSERT INTO JOUEURS (JONUMERO, JONOM, JOPRENOM, JODATE_NAI, JOEMAIL, JOPOSTE, JOTELEPHONE) VALUES 
(22, 'GIRAUD', 'MATHIEU', TO_DATE('17/02/1996', 'DD/MM/YYYY'), 'mathieu.giraud@mail.com', 'DEFENSEUR', '0613244052');

INSERT INTO JOUEURS (JONUMERO, JONOM, JOPRENOM, JODATE_NAI, JOEMAIL, JOPOSTE, JOTELEPHONE) VALUES 
(23, 'GASPAR', 'ROMAIN', TO_DATE('19/03/1994', 'DD/MM/YYYY'), 'romain.gaspar@mail.com', 'GARDIEN', '0613244053');

INSERT INTO JOUEURS (JONUMERO, JONOM, JOPRENOM, JODATE_NAI, JOEMAIL, JOPOSTE, JOTELEPHONE) VALUES 
(24, 'MOREL', 'PAUL', TO_DATE('25/04/1999', 'DD/MM/YYYY'), 'paul.morel@mail.com', 'ATTAQUANT', '0613244054');

INSERT INTO JOUEURS (JONUMERO, JONOM, JOPRENOM, JODATE_NAI, JOEMAIL, JOPOSTE, JOTELEPHONE) VALUES 
(25, 'GARNIER', 'ANTOINE', TO_DATE('05/05/2000', 'DD/MM/YYYY'), 'antoine.garnier@mail.com', 'MILIEU', '0613244055');

INSERT INTO JOUEURS (JONUMERO, JONOM, JOPRENOM, JODATE_NAI, JOEMAIL, JOPOSTE, JOTELEPHONE) VALUES 
(26, 'SOREL', 'ALEXIS', TO_DATE('30/06/1997', 'DD/MM/YYYY'), 'alexis.sorel@mail.com', 'DEFENSEUR', '0613244056');

INSERT INTO JOUEURS (JONUMERO, JONOM, JOPRENOM, JODATE_NAI, JOEMAIL, JOPOSTE, JOTELEPHONE) VALUES 
(27, 'TREMOLIERE', 'LUCAS', TO_DATE('13/07/1995', 'DD/MM/YYYY'), 'lucas.tremoliere@mail.com', 'GARDIEN', '0613244057');

INSERT INTO JOUEURS (JONUMERO, JONOM, JOPRENOM, JODATE_NAI, JOEMAIL, JOPOSTE, JOTELEPHONE) VALUES 
(28, 'CARRIERE', 'HUGO', TO_DATE('14/08/1999', 'DD/MM/YYYY'), 'hugo.carriere@mail.com', 'DEFENSEUR', '0613244058');

INSERT INTO JOUEURS (JONUMERO, JONOM, JOPRENOM, JODATE_NAI, JOEMAIL, JOPOSTE, JOTELEPHONE) VALUES 
(29, 'BAUDET', 'DAMIEN', TO_DATE('09/09/2001', 'DD/MM/YYYY'), 'damien.baudet@mail.com', 'ATTAQUANT', '0613244059');

INSERT INTO JOUEURS (JONUMERO, JONOM, JOPRENOM, JODATE_NAI, JOEMAIL, JOPOSTE, JOTELEPHONE) VALUES 
(30, 'FAVRE', 'JONATHAN', TO_DATE('18/10/1993', 'DD/MM/YYYY'), 'jonathan.favre@mail.com', 'MILIEU', '0613244060');

INSERT INTO JOUEURS (JONUMERO, JONOM, JOPRENOM, JODATE_NAI, JOEMAIL, JOPOSTE, JOTELEPHONE) VALUES 
(31, 'BERGER', 'PAUL', TO_DATE('20/11/1994', 'DD/MM/YYYY'), 'paul.berger@mail.com', 'DEFENSEUR', '0613244061');

INSERT INTO JOUEURS (JONUMERO, JONOM, JOPRENOM, JODATE_NAI, JOEMAIL, JOPOSTE, JOTELEPHONE) VALUES 
(32, 'VANIER', 'THOMAS', TO_DATE('30/12/1995', 'DD/MM/YYYY'), 'thomas.vanier@mail.com', 'GARDIEN', '0613244062');

INSERT INTO JOUEURS (JONUMERO, JONOM, JOPRENOM, JODATE_NAI, JOEMAIL, JOPOSTE, JOTELEPHONE) VALUES 
(33, 'BARDON', 'HUGO', TO_DATE('12/01/1996', 'DD/MM/YYYY'), 'hugo.bardon@mail.com', 'DEFENSEUR', '0613244063');

INSERT INTO JOUEURS (JONUMERO, JONOM, JOPRENOM, JODATE_NAI, JOEMAIL, JOPOSTE, JOTELEPHONE) VALUES 
(34, 'FOURNIER', 'LOUIS', TO_DATE('28/02/1998', 'DD/MM/YYYY'), 'louis.fournier@mail.com', 'MILIEU', '0613244064');

INSERT INTO JOUEURS (JONUMERO, JONOM, JOPRENOM, JODATE_NAI, JOEMAIL, JOPOSTE, JOTELEPHONE) VALUES 
(35, 'DAUMIER', 'FLORIAN', TO_DATE('17/03/1999', 'DD/MM/YYYY'), 'florian.daumier@mail.com', 'ATTAQUANT', '0613244065');

INSERT INTO JOUEURS (JONUMERO, JONOM, JOPRENOM, JODATE_NAI, JOEMAIL, JOPOSTE, JOTELEPHONE) VALUES 
(36, 'NOLLET', 'NICOLAS', TO_DATE('02/04/1994', 'DD/MM/YYYY'), 'nicolas.nollet@mail.com', 'DEFENSEUR', '0613244066');

INSERT INTO JOUEURS (JONUMERO, JONOM, JOPRENOM, JODATE_NAI, JOEMAIL, JOPOSTE, JOTELEPHONE) VALUES 
(37, 'MARCHAL', 'ROMAIN', TO_DATE('06/05/1995', 'DD/MM/YYYY'), 'romain.marchal@mail.com', 'MILIEU', '0613244067');

INSERT INTO JOUEURS (JONUMERO, JONOM, JOPRENOM, JODATE_NAI, JOEMAIL, JOPOSTE, JOTELEPHONE) VALUES 
(38, 'COLLET', 'SEBASTIEN', TO_DATE('20/06/1993', 'DD/MM/YYYY'), 'sebastien.collet@mail.com', 'GARDIEN', '0613244068');

INSERT INTO JOUEURS (JONUMERO, JONOM, JOPRENOM, JODATE_NAI, JOEMAIL, JOPOSTE, JOTELEPHONE) VALUES 
(39, 'TESSIER', 'DAMIEN', TO_DATE('25/07/1996', 'DD/MM/YYYY'), 'damien.tessier@mail.com', 'DEFENSEUR', '0613244069');

INSERT INTO JOUEURS (JONUMERO, JONOM, JOPRENOM, JODATE_NAI, JOEMAIL, JOPOSTE, JOTELEPHONE) VALUES 
(40, 'LUCAS', 'ANTOINE', TO_DATE('08/08/1999', 'DD/MM/YYYY'), 'antoine.lucas@mail.com', 'ATTAQUANT', '0613244070');

INSERT INTO JOUEURS (JONUMERO, JONOM, JOPRENOM, JODATE_NAI, JOEMAIL, JOPOSTE, JOTELEPHONE) VALUES 
(41, 'FLEURY', 'PAUL', TO_DATE('12/09/2000', 'DD/MM/YYYY'), 'paul.fleury@mail.com', 'MILIEU', '0613244071');

INSERT INTO JOUEURS (JONUMERO, JONOM, JOPRENOM, JODATE_NAI, JOEMAIL, JOPOSTE, JOTELEPHONE) VALUES 
(42, 'GOULET', 'GUILLAUME', TO_DATE('25/10/1995', 'DD/MM/YYYY'), 'guillaume.goulet@mail.com', 'DEFENSEUR', '0613244072');

INSERT INTO JOUEURS (JONUMERO, JONOM, JOPRENOM, JODATE_NAI, JOEMAIL, JOPOSTE, JOTELEPHONE) VALUES 
(43, 'GRANIER', 'THOMAS', TO_DATE('13/11/1998', 'DD/MM/YYYY'), 'thomas.granier@mail.com', 'GARDIEN', '0613244073');

INSERT INTO JOUEURS (JONUMERO, JONOM, JOPRENOM, JODATE_NAI, JOEMAIL, JOPOSTE, JOTELEPHONE) VALUES 
(44, 'DUPUIS', 'MATHIEU', TO_DATE('10/12/1996', 'DD/MM/YYYY'), 'mathieu.dupuis@mail.com', 'MILIEU', '0613244074');

INSERT INTO JOUEURS (JONUMERO, JONOM, JOPRENOM, JODATE_NAI, JOEMAIL, JOPOSTE, JOTELEPHONE) VALUES 
(45, 'BESNIER', 'LOUIS', TO_DATE('05/01/1994', 'DD/MM/YYYY'), 'louis.besnier@mail.com', 'DEFENSEUR', '0613244075');

INSERT INTO JOUEURS (JONUMERO, JONOM, JOPRENOM, JODATE_NAI, JOEMAIL, JOPOSTE, JOTELEPHONE) VALUES 
(46, 'BELLEFLEUR', 'DAMIEN', TO_DATE('20/02/1995', 'DD/MM/YYYY'), 'damien.bellefleur@mail.com', 'ATTAQUANT', '0613244076');

INSERT INTO JOUEURS (JONUMERO, JONOM, JOPRENOM, JODATE_NAI, JOEMAIL, JOPOSTE, JOTELEPHONE) VALUES 
(47, 'VIVIER', 'ROMAIN', TO_DATE('15/03/1997', 'DD/MM/YYYY'), 'romain.vivier@mail.com', 'MILIEU', '0613244077');

INSERT INTO JOUEURS (JONUMERO, JONOM, JOPRENOM, JODATE_NAI, JOEMAIL, JOPOSTE, JOTELEPHONE) VALUES 
(48, 'BONNEAU', 'SEBASTIEN', TO_DATE('30/04/1998', 'DD/MM/YYYY'), 'sebastien.bonneau@mail.com', 'DEFENSEUR', '0613244078');

INSERT INTO JOUEURS (JONUMERO, JONOM, JOPRENOM, JODATE_NAI, JOEMAIL, JOPOSTE, JOTELEPHONE) VALUES 
(49, 'FOREST', 'CLÉMENT', TO_DATE('22/05/1999', 'DD/MM/YYYY'), 'clement.forest@mail.com', 'GARDIEN', '0613244079');

INSERT INTO JOUEURS (JONUMERO, JONOM, JOPRENOM, JODATE_NAI, JOEMAIL, JOPOSTE, JOTELEPHONE) VALUES 
(50, 'BRUNIER', 'LUCAS', TO_DATE('05/06/2000', 'DD/MM/YYYY'), 'lucas.brunier@mail.com', 'MILIEU', '0613244080');

INSERT INTO JOUEURS (JONUMERO, JONOM, JOPRENOM, JODATE_NAI, JOEMAIL, JOPOSTE, JOTELEPHONE) VALUES 
(51, 'MARTINEZ', 'ALEXIS', TO_DATE('12/07/1994', 'DD/MM/YYYY'), 'alexis.martinez@mail.com', 'DEFENSEUR', '0613244081');

INSERT INTO JOUEURS (JONUMERO, JONOM, JOPRENOM, JODATE_NAI, JOEMAIL, JOPOSTE, JOTELEPHONE) VALUES 
(52, 'ROUILLARD', 'GUILLAUME', TO_DATE('25/08/1996', 'DD/MM/YYYY'), 'guillaume.rouillard@mail.com', 'ATTAQUANT', '0613244082');

INSERT INTO JOUEURS (JONUMERO, JONOM, JOPRENOM, JODATE_NAI, JOEMAIL, JOPOSTE, JOTELEPHONE) VALUES 
(53, 'GALLIEN', 'HUGO', TO_DATE('20/09/1997', 'DD/MM/YYYY'), 'hugo.gallien@mail.com', 'MILIEU', '0613244083');

INSERT INTO JOUEURS (JONUMERO, JONOM, JOPRENOM, JODATE_NAI, JOEMAIL, JOPOSTE, JOTELEPHONE) VALUES 
(54, 'RICHARD', 'FLORENT', TO_DATE('10/10/1995', 'DD/MM/YYYY'), 'florent.richard@mail.com', 'DEFENSEUR', '0613244084');

INSERT INTO JOUEURS (JONUMERO, JONOM, JOPRENOM, JODATE_NAI, JOEMAIL, JOPOSTE, JOTELEPHONE) VALUES 
(55, 'DUMONT', 'THOMAS', TO_DATE('05/11/1999', 'DD/MM/YYYY'), 'thomas.dumont@mail.com', 'GARDIEN', '0613244085');

INSERT INTO JOUEURS (JONUMERO, JONOM, JOPRENOM, JODATE_NAI, JOEMAIL, JOPOSTE, JOTELEPHONE) VALUES 
(56, 'BARRIERE', 'JONATHAN', TO_DATE('12/12/1998', 'DD/MM/YYYY'), 'jonathan.barriere@mail.com', 'MILIEU', '0613244086');

INSERT INTO JOUEURS (JONUMERO, JONOM, JOPRENOM, JODATE_NAI, JOEMAIL, JOPOSTE, JOTELEPHONE) VALUES 
(57, 'JOUET', 'PAUL', TO_DATE('22/01/1997', 'DD/MM/YYYY'), 'paul.jouet@mail.com', 'DEFENSEUR', '0613244087');

INSERT INTO JOUEURS (JONUMERO, JONOM, JOPRENOM, JODATE_NAI, JOEMAIL, JOPOSTE, JOTELEPHONE) VALUES 
(58, 'HAUTIER', 'NICOLAS', TO_DATE('05/02/1996', 'DD/MM/YYYY'), 'nicolas.hautier@mail.com', 'GARDIEN', '0613244088');

INSERT INTO JOUEURS (JONUMERO, JONOM, JOPRENOM, JODATE_NAI, JOEMAIL, JOPOSTE, JOTELEPHONE) VALUES 
(59, 'BENNET', 'LUCAS', TO_DATE('15/03/2000', 'DD/MM/YYYY'), 'lucas.bennett@mail.com', 'ATTAQUANT', '0613244089');

INSERT INTO JOUEURS (JONUMERO, JONOM, JOPRENOM, JODATE_NAI, JOEMAIL, JOPOSTE, JOTELEPHONE) VALUES 
(60, 'VILLARD', 'JULIEN', TO_DATE('30/04/1998', 'DD/MM/YYYY'), 'julien.villard@mail.com', 'MILIEU', '0613244090');

INSERT INTO JOUEURS (JONUMERO, JONOM, JOPRENOM, JODATE_NAI, JOEMAIL, JOPOSTE, JOTELEPHONE) VALUES 
(61, 'LAFLEUR', 'ALEXIS', TO_DATE('20/05/1999', 'DD/MM/YYYY'), 'alexis.lafleur@mail.com', 'DEFENSEUR', '0613244091');

INSERT INTO JOUEURS (JONUMERO, JONOM, JOPRENOM, JODATE_NAI, JOEMAIL, JOPOSTE, JOTELEPHONE) VALUES 
(62, 'CHARPENTIER', 'MATHIEU', TO_DATE('10/06/2000', 'DD/MM/YYYY'), 'mathieu.charpentier@mail.com', 'GARDIEN', '0613244092');

INSERT INTO JOUEURS (JONUMERO, JONOM, JOPRENOM, JODATE_NAI, JOEMAIL, JOPOSTE, JOTELEPHONE) VALUES 
(63, 'AUBERT', 'HUGO', TO_DATE('12/07/1996', 'DD/MM/YYYY'), 'hugo.aubert@mail.com', 'MILIEU', '0613244093');

INSERT INTO JOUEURS (JONUMERO, JONOM, JOPRENOM, JODATE_NAI, JOEMAIL, JOPOSTE, JOTELEPHONE) VALUES 
(64, 'MALLET', 'LOUIS', TO_DATE('13/08/1997', 'DD/MM/YYYY'), 'louis.mallet@mail.com', 'DEFENSEUR', '0613244094');

INSERT INTO JOUEURS (JONUMERO, JONOM, JOPRENOM, JODATE_NAI, JOEMAIL, JOPOSTE, JOTELEPHONE) VALUES 
(65, 'PARENT', 'SEBASTIEN', TO_DATE('05/09/1998', 'DD/MM/YYYY'), 'sebastien.parent@mail.com', 'GARDIEN', '0613244095');

INSERT INTO JOUEURS (JONUMERO, JONOM, JOPRENOM, JODATE_NAI, JOEMAIL, JOPOSTE, JOTELEPHONE) VALUES 
(66, 'HERVE', 'DAMIEN', TO_DATE('20/10/1995', 'DD/MM/YYYY'), 'damien.herve@mail.com', 'DEFENSEUR', '0613244096');

INSERT INTO JOUEURS (JONUMERO, JONOM, JOPRENOM, JODATE_NAI, JOEMAIL, JOPOSTE, JOTELEPHONE) VALUES 
(67, 'GONZALEZ', 'JONATHAN', TO_DATE('30/11/1996', 'DD/MM/YYYY'), 'jonathan.gonzalez@mail.com', 'MILIEU', '0613244097');

INSERT INTO JOUEURS (JONUMERO, JONOM, JOPRENOM, JODATE_NAI, JOEMAIL, JOPOSTE, JOTELEPHONE) VALUES 
(68, 'CLOUTIER', 'NICOLAS', TO_DATE('12/12/1994', 'DD/MM/YYYY'), 'nicolas.cloutier@mail.com', 'ATTAQUANT', '0613244098');

INSERT INTO JOUEURS (JONUMERO, JONOM, JOPRENOM, JODATE_NAI, JOEMAIL, JOPOSTE, JOTELEPHONE) VALUES 
(69, 'PICARD', 'LUCAS', TO_DATE('25/01/1999', 'DD/MM/YYYY'), 'lucas.picard@mail.com', 'DEFENSEUR', '0613244099');

INSERT INTO JOUEURS (JONUMERO, JONOM, JOPRENOM, JODATE_NAI, JOEMAIL, JOPOSTE, JOTELEPHONE) VALUES 
(70, 'TANGUY', 'ALEXIS', TO_DATE('15/02/1997', 'DD/MM/YYYY'), 'alexis.tanguy@mail.com', 'GARDIEN', '0613244100');

INSERT INTO JOUEURS (JONUMERO, JONOM, JOPRENOM, JODATE_NAI, JOEMAIL, JOPOSTE, JOTELEPHONE) VALUES 
(71, 'FLANDIN', 'LOUIS', TO_DATE('10/03/1998', 'DD/MM/YYYY'), 'louis.flandin@mail.com', 'MILIEU', '0613244101');

INSERT INTO JOUEURS (JONUMERO, JONOM, JOPRENOM, JODATE_NAI, JOEMAIL, JOPOSTE, JOTELEPHONE) VALUES 
(72, 'HOCHE', 'GUILLAUME', TO_DATE('22/04/1994', 'DD/MM/YYYY'), 'guillaume.hoche@mail.com', 'DEFENSEUR', '0613244102');

INSERT INTO JOUEURS (JONUMERO, JONOM, JOPRENOM, JODATE_NAI, JOEMAIL, JOPOSTE, JOTELEPHONE) VALUES 
(73, 'LAMARQUE', 'THOMAS', TO_DATE('15/05/1995', 'DD/MM/YYYY'), 'thomas.lamarque@mail.com', 'GARDIEN', '0613244103');

INSERT INTO JOUEURS (JONUMERO, JONOM, JOPRENOM, JODATE_NAI, JOEMAIL, JOPOSTE, JOTELEPHONE) VALUES 
(74, 'AUGUSTIN', 'SEBASTIEN', TO_DATE('20/06/1996', 'DD/MM/YYYY'), 'sebastien.augustin@mail.com', 'MILIEU', '0613244104');

INSERT INTO JOUEURS (JONUMERO, JONOM, JOPRENOM, JODATE_NAI, JOEMAIL, JOPOSTE, JOTELEPHONE) VALUES 
(75, 'LUC', 'FLORIAN', TO_DATE('12/07/1997', 'DD/MM/YYYY'), 'florian.luc@mail.com', 'DEFENSEUR', '0613244105');

INSERT INTO JOUEURS (JONUMERO, JONOM, JOPRENOM, JODATE_NAI, JOEMAIL, JOPOSTE, JOTELEPHONE) VALUES 
(76, 'RENAULT', 'MATHIEU', TO_DATE('15/08/1998', 'DD/MM/YYYY'), 'mathieu.renault@mail.com', 'GARDIEN', '0613244106');

INSERT INTO JOUEURS (JONUMERO, JONOM, JOPRENOM, JODATE_NAI, JOEMAIL, JOPOSTE, JOTELEPHONE) VALUES 
(77, 'GOUTTE', 'LOUIS', TO_DATE('22/09/1999', 'DD/MM/YYYY'), 'louis.goutte@mail.com', 'MILIEU', '0613244107');

INSERT INTO JOUEURS (JONUMERO, JONOM, JOPRENOM, JODATE_NAI, JOEMAIL, JOPOSTE, JOTELEPHONE) VALUES 
(78, 'SIMEON', 'NICOLAS', TO_DATE('05/10/1994', 'DD/MM/YYYY'), 'nicolas.simeon@mail.com', 'DEFENSEUR', '0613244108');

INSERT INTO JOUEURS (JONUMERO, JONOM, JOPRENOM, JODATE_NAI, JOEMAIL, JOPOSTE, JOTELEPHONE) VALUES 
(79, 'DAUMAS', 'SEBASTIEN', TO_DATE('12/11/1995', 'DD/MM/YYYY'), 'sebastien.daumas@mail.com', 'GARDIEN', '0613244109');

INSERT INTO JOUEURS (JONUMERO, JONOM, JOPRENOM, JODATE_NAI, JOEMAIL, JOPOSTE, JOTELEPHONE) VALUES 
(80, 'GENEST', 'THOMAS', TO_DATE('20/12/1996', 'DD/MM/YYYY'), 'thomas.genest@mail.com', 'MILIEU', '0613244110');

INSERT INTO JOUEURS (JONUMERO, JONOM, JOPRENOM, JODATE_NAI, JOEMAIL, JOPOSTE, JOTELEPHONE) VALUES 
(81, 'TESSIER', 'JULIEN', TO_DATE('30/01/1997', 'DD/MM/YYYY'), 'julien.tessier@mail.com', 'DEFENSEUR', '0613244111');

INSERT INTO JOUEURS (JONUMERO, JONOM, JOPRENOM, JODATE_NAI, JOEMAIL, JOPOSTE, JOTELEPHONE) VALUES 
(82, 'LACROIX', 'ALEXIS', TO_DATE('12/02/1995', 'DD/MM/YYYY'), 'alexis.lacroix@mail.com', 'GARDIEN', '0613244112');

INSERT INTO JOUEURS (JONUMERO, JONOM, JOPRENOM, JODATE_NAI, JOEMAIL, JOPOSTE, JOTELEPHONE) VALUES 
(83, 'COTARD', 'HUGO', TO_DATE('15/03/1998', 'DD/MM/YYYY'), 'hugo.cotard@mail.com', 'MILIEU', '0613244113');

INSERT INTO JOUEURS (JONUMERO, JONOM, JOPRENOM, JODATE_NAI, JOEMAIL, JOPOSTE, JOTELEPHONE) VALUES 
(84, 'BROSSARD', 'LUCAS', TO_DATE('20/04/1999', 'DD/MM/YYYY'), 'lucas.brossard@mail.com', 'DEFENSEUR', '0613244114');

INSERT INTO JOUEURS (JONUMERO, JONOM, JOPRENOM, JODATE_NAI, JOEMAIL, JOPOSTE, JOTELEPHONE) VALUES 
(85, 'FOURNIER', 'FLORIAN', TO_DATE('15/05/2000', 'DD/MM/YYYY'), 'florian.fournier@mail.com', 'GARDIEN', '0613244115');

INSERT INTO JOUEURS (JONUMERO, JONOM, JOPRENOM, JODATE_NAI, JOEMAIL, JOPOSTE, JOTELEPHONE) VALUES 
(86, 'LAMBERT', 'PAUL', TO_DATE('10/06/2001', 'DD/MM/YYYY'), 'paul.lambert@mail.com', 'MILIEU', '0613244116');

INSERT INTO JOUEURS (JONUMERO, JONOM, JOPRENOM, JODATE_NAI, JOEMAIL, JOPOSTE, JOTELEPHONE) VALUES 
(87, 'TREMBLAY', 'DAMIEN', TO_DATE('25/07/1998', 'DD/MM/YYYY'), 'damien.tremblay@mail.com', 'DEFENSEUR', '0613244117');

INSERT INTO JOUEURS (JONUMERO, JONOM, JOPRENOM, JODATE_NAI, JOEMAIL, JOPOSTE, JOTELEPHONE) VALUES 
(88, 'PETIT', 'HUGO', TO_DATE('12/08/1997', 'DD/MM/YYYY'), 'hugo.petit@mail.com', 'GARDIEN', '0613244118');

INSERT INTO JOUEURS (JONUMERO, JONOM, JOPRENOM, JODATE_NAI, JOEMAIL, JOPOSTE, JOTELEPHONE) VALUES 
(89, 'PRIGENT', 'ALEXIS', TO_DATE('28/09/1996', 'DD/MM/YYYY'), 'alexis.prigent@mail.com', 'MILIEU', '0613244119');

INSERT INTO JOUEURS (JONUMERO, JONOM, JOPRENOM, JODATE_NAI, JOEMAIL, JOPOSTE, JOTELEPHONE) VALUES 
(90, 'NOEL', 'PAUL', TO_DATE('15/10/1995', 'DD/MM/YYYY'), 'paul.noel@mail.com', 'DEFENSEUR', '0613244120');

INSERT INTO JOUEURS (JONUMERO, JONOM, JOPRENOM, JODATE_NAI, JOEMAIL, JOPOSTE, JOTELEPHONE) VALUES 
(91, 'FLEURY', 'THOMAS', TO_DATE('30/11/1994', 'DD/MM/YYYY'), 'thomas.fleury@mail.com', 'GARDIEN', '0613244121');

INSERT INTO JOUEURS (JONUMERO, JONOM, JOPRENOM, JODATE_NAI, JOEMAIL, JOPOSTE, JOTELEPHONE) VALUES 
(92, 'DOUCET', 'MATHIEU', TO_DATE('20/12/1996', 'DD/MM/YYYY'), 'mathieu.doucet@mail.com', 'MILIEU', '0613244122');

INSERT INTO JOUEURS (JONUMERO, JONOM, JOPRENOM, JODATE_NAI, JOEMAIL, JOPOSTE, JOTELEPHONE) VALUES 
(93, 'THIBERT', 'SÉBASTIEN', TO_DATE('30/01/1998', 'DD/MM/YYYY'), 'sebastien.thibert@mail.com', 'DEFENSEUR', '0613244123');

INSERT INTO JOUEURS (JONUMERO, JONOM, JOPRENOM, JODATE_NAI, JOEMAIL, JOPOSTE, JOTELEPHONE) VALUES 
(94, 'THIBERT', 'RENÉ', TO_DATE('30/01/1998', 'DD/MM/YYYY'), 'sebastien.thibert@mail.com', 'DEFENSEUR', '0613244123');


INSERT INTO JOUEURS (JONUMERO, JONOM, JOPRENOM, JODATE_NAI, JOEMAIL, JOPOSTE, JOTELEPHONE) VALUES 
(95, 'BRISSON', 'JULIEN', TO_DATE('05/03/1997', 'DD/MM/YYYY'), 'julien.brisson@mail.com', 'MILIEU', '0613244125');

INSERT INTO JOUEURS (JONUMERO, JONOM, JOPRENOM, JODATE_NAI, JOEMAIL, JOPOSTE, JOTELEPHONE) VALUES 
(96, 'LANGLOIS', 'ROMAIN', TO_DATE('20/04/1996', 'DD/MM/YYYY'), 'romain.langlois@mail.com', 'DEFENSEUR', '0613244126');

INSERT INTO JOUEURS (JONUMERO, JONOM, JOPRENOM, JODATE_NAI, JOEMAIL, JOPOSTE, JOTELEPHONE) VALUES 
(97, 'CHARBONNIER', 'LUCAS', TO_DATE('15/05/1997', 'DD/MM/YYYY'), 'lucas.charbonnier@mail.com', 'GARDIEN', '0613244127');

INSERT INTO JOUEURS (JONUMERO, JONOM, JOPRENOM, JODATE_NAI, JOEMAIL, JOPOSTE, JOTELEPHONE) VALUES 
(98, 'ALAMO', 'ALEXIS', TO_DATE('22/06/1998', 'DD/MM/YYYY'), 'alexis.alamo@mail.com', 'MILIEU', '0613244128');

INSERT INTO JOUEURS (JONUMERO, JONOM, JOPRENOM, JODATE_NAI, JOEMAIL, JOPOSTE, JOTELEPHONE) VALUES 
(99, 'VILLENEUVE', 'NICOLAS', TO_DATE('10/07/1999', 'DD/MM/YYYY'), 'nicolas.villeneuve@mail.com', 'DEFENSEUR', '0613244129');

INSERT INTO JOUEURS (JONUMERO, JONOM, JOPRENOM, JODATE_NAI, JOEMAIL, JOPOSTE, JOTELEPHONE) VALUES 
(100, 'BOURGEOIS', 'ROMAIN', TO_DATE('25/08/1998', 'DD/MM/YYYY'), 'romain.bourgeois@mail.com', 'GARDIEN', '0613244130');

/////////////////////////////////////////////////////////joueur///////////////////////////////////////////////////

///////////////////////////////////////////////////////////Équipe/////////////////////////////////////////////////////////////////////////////////
INSERT INTO EQUIPES (EQNUMERO, EQNOM, EQNIVEAU) VALUES 
(1, 'BIARRITZ OLYMPIQUE 1', 'NATIONAL 1');
INSERT INTO EQUIPES (EQNUMERO, EQNOM, EQNIVEAU) VALUES 
(2, 'BIARRITZ OLYMPIQUE 2', 'NATIONAL 2');
INSERT INTO EQUIPES (EQNUMERO, EQNOM, EQNIVEAU) VALUES 
(3, 'BIARRITZ OLYMPIQUE 3', 'NATIONAL 3');
INSERT INTO EQUIPES (EQNUMERO, EQNOM, EQNIVEAU) VALUES 
(4, 'BIARRITZ U17 1', 'U17 NATIONAL 1');
INSERT INTO EQUIPES (EQNUMERO, EQNOM, EQNIVEAU) VALUES 
(5, 'BIARRITZ U17 2', 'U17 NATIONAL 3');
///////////////////////////////////////////////////////////Équipe/////////////////////////////////////////////////////////////////////////////////


/////////////////////////////////////////////////////////match//////////////////////////////////////////////////
-- Matchs pour BIARRITZ OLYMPIQUE 1 (Équipe 1)
INSERT INTO MATCHS (MATCHNUMERO, EQNUMERO, MATCH_EQADV, MATCHDATE, MATCHLIEU, MATCHEXTERIEUR, MATCHBUT_ENC, MATCHBUT_MIS) 
VALUES (1, 1, 'FC LYON', TO_DATE('2024-09-10', 'YYYY-MM-DD'), 'STADE MUNICIPAL', 0, 1, 2);

INSERT INTO MATCHS (MATCHNUMERO, EQNUMERO, MATCH_EQADV, MATCHDATE, MATCHLIEU, MATCHEXTERIEUR, MATCHBUT_ENC, MATCHBUT_MIS) 
VALUES (2, 1, 'FC MARSEILLE', TO_DATE('2024-09-17', 'YYYY-MM-DD'), 'STADE MUNICIPAL', 1, 0, 0);

-- Matchs pour BIARRITZ OLYMPIQUE 2 (Équipe 2)
INSERT INTO MATCHS (MATCHNUMERO, EQNUMERO, MATCH_EQADV, MATCHDATE, MATCHLIEU, MATCHEXTERIEUR, MATCHBUT_ENC, MATCHBUT_MIS) 
VALUES (3, 2, 'FC BORDEAUX', TO_DATE('2024-09-24', 'YYYY-MM-DD'), 'STADE DES ROSES', 1, 2, 1);

INSERT INTO MATCHS (MATCHNUMERO, EQNUMERO, MATCH_EQADV, MATCHDATE, MATCHLIEU, MATCHEXTERIEUR, MATCHBUT_ENC, MATCHBUT_MIS) 
VALUES (4, 2, 'FC TOULOUSE', TO_DATE('2024-10-01', 'YYYY-MM-DD'), 'STADE MUNICIPAL', 0, 1, 3);

-- Matchs pour BIARRITZ OLYMPIQUE 3 (Équipe 3)
INSERT INTO MATCHS (MATCHNUMERO, EQNUMERO, MATCH_EQADV, MATCHDATE, MATCHLIEU, MATCHEXTERIEUR, MATCHBUT_ENC, MATCHBUT_MIS) 
VALUES (5, 3, 'OLYMPIQUE NICE', TO_DATE('2024-10-08', 'YYYY-MM-DD'), 'STADE DES CHAMPS', 1, 1, 1);

INSERT INTO MATCHS (MATCHNUMERO, EQNUMERO, MATCH_EQADV, MATCHDATE, MATCHLIEU, MATCHEXTERIEUR, MATCHBUT_ENC, MATCHBUT_MIS) 
VALUES (6, 3, 'FC RENNES', TO_DATE('2024-10-15', 'YYYY-MM-DD'), 'STADE MUNICIPAL', 0, 2, 1);

-- Matchs pour BIARRITZ U17 1 (Équipe 4)
INSERT INTO MATCHS (MATCHNUMERO, EQNUMERO, MATCH_EQADV, MATCHDATE, MATCHLIEU, MATCHEXTERIEUR, MATCHBUT_ENC, MATCHBUT_MIS) 
VALUES (7, 4, 'FC NANTES', TO_DATE('2024-10-22', 'YYYY-MM-DD'), 'STADE DES CHAMPS', 1, 0, 1);

INSERT INTO MATCHS (MATCHNUMERO, EQNUMERO, MATCH_EQADV, MATCHDATE, MATCHLIEU, MATCHEXTERIEUR, MATCHBUT_ENC, MATCHBUT_MIS) 
VALUES (8, 4, 'FC LILLE', TO_DATE('2024-10-29', 'YYYY-MM-DD'), 'STADE MUNICIPAL', 0, 1, 1);

-- Matchs pour BIARRITZ U17 2 (Équipe 5)
INSERT INTO MATCHS (MATCHNUMERO, EQNUMERO, MATCH_EQADV, MATCHDATE, MATCHLIEU, MATCHEXTERIEUR, MATCHBUT_ENC, MATCHBUT_MIS) 
VALUES (9, 5, 'FC STRASBOURG', TO_DATE('2024-11-05', 'YYYY-MM-DD'), 'STADE DE L ETOILE', 1, 2, 2);

INSERT INTO MATCHS (MATCHNUMERO, EQNUMERO, MATCH_EQADV, MATCHDATE, MATCHLIEU, MATCHEXTERIEUR, MATCHBUT_ENC, MATCHBUT_MIS) 
VALUES (10, 5, 'FC NICE', TO_DATE('2024-11-12', 'YYYY-MM-DD'), 'STADE MUNICIPAL', 0, 2, 2);

-- Matchs supplémentaires pour chaque équipe
INSERT INTO MATCHS (MATCHNUMERO, EQNUMERO, MATCH_EQADV, MATCHDATE, MATCHLIEU, MATCHEXTERIEUR, MATCHBUT_ENC, MATCHBUT_MIS) 
VALUES (11, 1, 'FC PARIS', TO_DATE('2024-11-19', 'YYYY-MM-DD'), 'STADE MUNICIPAL', 0, 1, 1);

INSERT INTO MATCHS (MATCHNUMERO, EQNUMERO, MATCH_EQADV, MATCHDATE, MATCHLIEU, MATCHEXTERIEUR, MATCHBUT_ENC, MATCHBUT_MIS) 
VALUES (12, 2, 'FC LYON', TO_DATE('2024-11-26', 'YYYY-MM-DD'), 'STADE DES ROSES', 1, 3, 0);

INSERT INTO MATCHS (MATCHNUMERO, EQNUMERO, MATCH_EQADV, MATCHDATE, MATCHLIEU, MATCHEXTERIEUR, MATCHBUT_ENC, MATCHBUT_MIS) 
VALUES (13, 3, 'FC NIMES', TO_DATE('2024-12-03', 'YYYY-MM-DD'), 'STADE MUNICIPAL', 0, 0, 4);

INSERT INTO MATCHS (MATCHNUMERO, EQNUMERO, MATCH_EQADV, MATCHDATE, MATCHLIEU, MATCHEXTERIEUR, MATCHBUT_ENC, MATCHBUT_MIS) 
VALUES (14, 4, 'FC LORIENT', TO_DATE('2024-12-10', 'YYYY-MM-DD'), 'STADE DE L ETOILE', 1, 1, 1);

INSERT INTO MATCHS (MATCHNUMERO, EQNUMERO, MATCH_EQADV, MATCHDATE, MATCHLIEU, MATCHEXTERIEUR, MATCHBUT_ENC, MATCHBUT_MIS) 
VALUES (15, 5, 'FC METZ', TO_DATE('2024-12-17', 'YYYY-MM-DD'), 'STADE MUNICIPAL', 0, 2, 2);

-- Matchs supplémentaires pour BIARRITZ OLYMPIQUE 1 (Équipe 1)
INSERT INTO MATCHS (MATCHNUMERO, EQNUMERO, MATCH_EQADV, MATCHDATE, MATCHLIEU, MATCHEXTERIEUR, MATCHBUT_ENC, MATCHBUT_MIS) 
VALUES (16, 1, 'FC TROYES', TO_DATE('2025-01-14', 'YYYY-MM-DD'), 'STADE MUNICIPAL', 0, 1, 1);

INSERT INTO MATCHS (MATCHNUMERO, EQNUMERO, MATCH_EQADV, MATCHDATE, MATCHLIEU, MATCHEXTERIEUR, MATCHBUT_ENC, MATCHBUT_MIS) 
VALUES (17, 1, 'FC SOCHAUX', TO_DATE('2025-01-21', 'YYYY-MM-DD'), 'STADE DES ROSES', 1, 0, 3);

-- Matchs supplémentaires pour BIARRITZ OLYMPIQUE 2 (Équipe 2)
INSERT INTO MATCHS (MATCHNUMERO, EQNUMERO, MATCH_EQADV, MATCHDATE, MATCHLIEU, MATCHEXTERIEUR, MATCHBUT_ENC, MATCHBUT_MIS) 
VALUES (18, 2, 'FC GUINGAMP', TO_DATE('2025-01-28', 'YYYY-MM-DD'), 'STADE MUNICIPAL', 0, 2, 1);

INSERT INTO MATCHS (MATCHNUMERO, EQNUMERO, MATCH_EQADV, MATCHDATE, MATCHLIEU, MATCHEXTERIEUR, MATCHBUT_ENC, MATCHBUT_MIS) 
VALUES (19, 2, 'FC METZ', TO_DATE('2025-02-04', 'YYYY-MM-DD'), 'STADE DE L ETOILE', 1, 1, 1);

-- Matchs supplémentaires pour BIARRITZ OLYMPIQUE 3 (Équipe 3)
INSERT INTO MATCHS (MATCHNUMERO, EQNUMERO, MATCH_EQADV, MATCHDATE, MATCHLIEU, MATCHEXTERIEUR, MATCHBUT_ENC, MATCHBUT_MIS) 
VALUES (20, 3, 'FC REIMS', TO_DATE('2025-02-11', 'YYYY-MM-DD'), 'STADE MUNICIPAL', 0, 0, 2);

INSERT INTO MATCHS (MATCHNUMERO, EQNUMERO, MATCH_EQADV, MATCHDATE, MATCHLIEU, MATCHEXTERIEUR, MATCHBUT_ENC, MATCHBUT_MIS) 
VALUES (21, 3, 'FC NIMES', TO_DATE('2025-02-18', 'YYYY-MM-DD'), 'STADE DES CHAMPS', 1, 1, 1);

-- Matchs supplémentaires pour BIARRITZ U17 1 (Équipe 4)
INSERT INTO MATCHS (MATCHNUMERO, EQNUMERO, MATCH_EQADV, MATCHDATE, MATCHLIEU, MATCHEXTERIEUR, MATCHBUT_ENC, MATCHBUT_MIS) 
VALUES (22, 4, 'FC DIJON', TO_DATE('2025-02-25', 'YYYY-MM-DD'), 'STADE DE L ETOILE', 1, 0, 1);

INSERT INTO MATCHS (MATCHNUMERO, EQNUMERO, MATCH_EQADV, MATCHDATE, MATCHLIEU, MATCHEXTERIEUR, MATCHBUT_ENC, MATCHBUT_MIS) 
VALUES (23, 4, 'FC TROYES', TO_DATE('2025-03-04', 'YYYY-MM-DD'), 'STADE MUNICIPAL', 0, 1, 2);

-- Matchs supplémentaires pour BIARRITZ U17 2 (Équipe 5)
INSERT INTO MATCHS (MATCHNUMERO, EQNUMERO, MATCH_EQADV, MATCHDATE, MATCHLIEU, MATCHEXTERIEUR, MATCHBUT_ENC, MATCHBUT_MIS) 
VALUES (24, 5, 'FC SOCHAUX', TO_DATE('2025-03-11', 'YYYY-MM-DD'), 'STADE MUNICIPAL', 0, 0, 2);

INSERT INTO MATCHS (MATCHNUMERO, EQNUMERO, MATCH_EQADV, MATCHDATE, MATCHLIEU, MATCHEXTERIEUR, MATCHBUT_ENC, MATCHBUT_MIS) 
VALUES (25, 5, 'FC LORIENT', TO_DATE('2025-03-18', 'YYYY-MM-DD'), 'STADE DE L ETOILE', 1, 1, 3);

-- Matchs supplémentaires pour BIARRITZ OLYMPIQUE 1 (Équipe 1)
INSERT INTO MATCHS (MATCHNUMERO, EQNUMERO, MATCH_EQADV, MATCHDATE, MATCHLIEU, MATCHEXTERIEUR, MATCHBUT_ENC, MATCHBUT_MIS) 
VALUES (26, 1, 'FC NANTES', TO_DATE('2025-03-25', 'YYYY-MM-DD'), 'STADE MUNICIPAL', 0, 2, 2);

-- Matchs supplémentaires pour BIARRITZ OLYMPIQUE 2 (Équipe 2)
INSERT INTO MATCHS (MATCHNUMERO, EQNUMERO, MATCH_EQADV, MATCHDATE, MATCHLIEU, MATCHEXTERIEUR, MATCHBUT_ENC, MATCHBUT_MIS) 
VALUES (27, 2, 'FC STRASBOURG', TO_DATE('2025-04-01', 'YYYY-MM-DD'), 'STADE DES CHAMPS', 1, 0, 1);

-- Matchs supplémentaires pour BIARRITZ OLYMPIQUE 3 (Équipe 3)
INSERT INTO MATCHS (MATCHNUMERO, EQNUMERO, MATCH_EQADV, MATCHDATE, MATCHLIEU, MATCHEXTERIEUR, MATCHBUT_ENC, MATCHBUT_MIS) 
VALUES (28, 3, 'FC LILLE', TO_DATE('2025-04-08', 'YYYY-MM-DD'), 'STADE MUNICIPAL', 0, 2, 3);

-- Matchs supplémentaires pour BIARRITZ U17 1 (Équipe 4)
INSERT INTO MATCHS (MATCHNUMERO, EQNUMERO, MATCH_EQADV, MATCHDATE, MATCHLIEU, MATCHEXTERIEUR, MATCHBUT_ENC, MATCHBUT_MIS) 
VALUES (29, 4, 'FC PARIS', TO_DATE('2025-04-15', 'YYYY-MM-DD'), 'STADE DE L ETOILE', 1, 1, 1);

-- Matchs supplémentaires pour BIARRITZ U17 2 (Équipe 5)
INSERT INTO MATCHS (MATCHNUMERO, EQNUMERO, MATCH_EQADV, MATCHDATE, MATCHLIEU, MATCHEXTERIEUR, MATCHBUT_ENC, MATCHBUT_MIS) 
VALUES (30, 5, 'FC BORDEAUX', TO_DATE('2025-04-22', 'YYYY-MM-DD'), 'STADE MUNICIPAL', 0, 0, 2);

/////////////////////////////////////////////////////////match//////////////////////////////////////////////////
/*
SELECT constraint_name, constraint_type, search_condition
FROM user_constraints
WHERE table_name = 'ENTRAINEURS';
*/

/////////////////////////////////////////////////////////Entraineur //////////////////////////////////////////////////
INSERT INTO ENTRAINEURS (ENNUMERO, EQNUMERO, ENNOM, ENPRENOM, ENDATE_NAI, ENEMAIL, ENTELEPHONE)
VALUES (1, 1, 'LEGRAND', 'PHILIPPE', TO_DATE('1975-01-12', 'YYYY-MM-DD'), 'philippe.legrand@mail.com', '0601010101');
INSERT INTO ENTRAINEURS (ENNUMERO, EQNUMERO, ENNOM, ENPRENOM, ENDATE_NAI, ENEMAIL, ENTELEPHONE) VALUES 
(2, 2, 'DUPUY', 'CHRISTOPHE', TO_DATE('1980-05-22', 'YYYY-MM-DD'), 'christophe.dupuy@gmail.com', '0602020202');
INSERT INTO ENTRAINEURS (ENNUMERO, EQNUMERO, ENNOM, ENPRENOM, ENDATE_NAI, ENEMAIL, ENTELEPHONE) VALUES 
(3, 3, 'MARTINEZ', 'JEAN', TO_DATE('1978-08-14', 'YYYY-MM-DD'), 'jean.martinez@gmail.com', '0603030303');
INSERT INTO ENTRAINEURS (ENNUMERO, EQNUMERO, ENNOM, ENPRENOM, ENDATE_NAI, ENEMAIL, ENTELEPHONE) VALUES 
(4, 4, 'RIVIERE', 'LAURENT', TO_DATE('1982-11-30', 'YYYY-MM-DD'), 'laurent.riviere@gmail.com', '0604040404');
INSERT INTO ENTRAINEURS (ENNUMERO, EQNUMERO, ENNOM, ENPRENOM, ENDATE_NAI, ENEMAIL, ENTELEPHONE) VALUES 
(5, 5, 'FERNANDEZ', 'LOUIS', TO_DATE('1985-09-08', 'YYYY-MM-DD'), 'louis.fernandez@gmail.com', '0605050505');
/////////////////////////////////////////////////////////Entraineur //////////////////////////////////////////////////

/////////////////////////////////////////////////////////Paiment//////////////////////////////////////////////////
INSERT INTO PAIEMENTS (PANUMERO, JONUMERO, PALIBELLE, PADATE, PAMONTANT, PATYPE) VALUES 
(1, 1, 'COTISATION ANNUELLE', TO_DATE('2024-08-10', 'YYYY-MM-DD'), 150, 1);
INSERT INTO PAIEMENTS (PANUMERO, JONUMERO, PALIBELLE, PADATE, PAMONTANT, PATYPE) VALUES 
(2, 64, 'COTISATION ANNUELLE', TO_DATE('2024-08-12', 'YYYY-MM-DD'), 150, 1);
INSERT INTO PAIEMENTS (PANUMERO, JONUMERO, PALIBELLE, PADATE, PAMONTANT, PATYPE) VALUES 
(3, 94, 'EQUIPEMENT', TO_DATE('2024-09-01', 'YYYY-MM-DD'), 50, 2);
INSERT INTO PAIEMENTS (PANUMERO, JONUMERO, PALIBELLE, PADATE, PAMONTANT, PATYPE) VALUES 
(4, 4, 'EQUIPEMENT', TO_DATE('2024-09-01', 'YYYY-MM-DD'), 50, 2);
INSERT INTO PAIEMENTS (PANUMERO, JONUMERO, PALIBELLE, PADATE, PAMONTANT, PATYPE) VALUES 
(5, 29, 'COTISATION ANNUELLE', TO_DATE('2024-08-15', 'YYYY-MM-DD'), 150, 1);
INSERT INTO PAIEMENTS (PANUMERO, JONUMERO, PALIBELLE, PADATE, PAMONTANT, PATYPE) VALUES 
(6, 6, 'COTISATION ANNUELLE', TO_DATE('2024-08-16', 'YYYY-MM-DD'), 150, 1);
INSERT INTO PAIEMENTS (PANUMERO, JONUMERO, PALIBELLE, PADATE, PAMONTANT, PATYPE) VALUES 
(7, 47, 'COTISATION ANNUELLE', TO_DATE('2024-08-18', 'YYYY-MM-DD'), 150, 1);
INSERT INTO PAIEMENTS (PANUMERO, JONUMERO, PALIBELLE, PADATE, PAMONTANT, PATYPE) VALUES 
(8, 8, 'EQUIPEMENT', TO_DATE('2024-09-03', 'YYYY-MM-DD'), 50, 2);
INSERT INTO PAIEMENTS (PANUMERO, JONUMERO, PALIBELLE, PADATE, PAMONTANT, PATYPE) VALUES 
(9, 9, 'COTISATION ANNUELLE', TO_DATE('2024-08-20', 'YYYY-MM-DD'), 150, 1);
INSERT INTO PAIEMENTS (PANUMERO, JONUMERO, PALIBELLE, PADATE, PAMONTANT, PATYPE) VALUES 
(10, 31, 'COTISATION ANNUELLE', TO_DATE('2024-08-21', 'YYYY-MM-DD'), 150, 1);
INSERT INTO PAIEMENTS (PANUMERO, JONUMERO, PALIBELLE, PADATE, PAMONTANT, PATYPE) VALUES 
(11, 11, 'EQUIPEMENT', TO_DATE('2024-09-05', 'YYYY-MM-DD'), 50, 2);
INSERT INTO PAIEMENTS (PANUMERO, JONUMERO, PALIBELLE, PADATE, PAMONTANT, PATYPE) VALUES 
(12, 80, 'COTISATION ANNUELLE', TO_DATE('2024-08-22', 'YYYY-MM-DD'), 150, 1);
INSERT INTO PAIEMENTS (PANUMERO, JONUMERO, PALIBELLE, PADATE, PAMONTANT, PATYPE) VALUES 
(13, 13, 'COTISATION ANNUELLE', TO_DATE('2024-08-23', 'YYYY-MM-DD'), 150, 1);
INSERT INTO PAIEMENTS (PANUMERO, JONUMERO, PALIBELLE, PADATE, PAMONTANT, PATYPE) VALUES 
(14, 34, 'EQUIPEMENT', TO_DATE('2024-09-06', 'YYYY-MM-DD'), 50, 2);
INSERT INTO PAIEMENTS (PANUMERO, JONUMERO, PALIBELLE, PADATE, PAMONTANT, PATYPE) VALUES 
(15, 25, 'COTISATION ANNUELLE', TO_DATE('2024-08-25', 'YYYY-MM-DD'), 150, 1);
INSERT INTO PAIEMENTS (PANUMERO, JONUMERO, PALIBELLE, PADATE, PAMONTANT, PATYPE) VALUES 
(16, 16, 'COTISATION ANNUELLE', TO_DATE('2024-08-26', 'YYYY-MM-DD'), 150, 1);
INSERT INTO PAIEMENTS (PANUMERO, JONUMERO, PALIBELLE, PADATE, PAMONTANT, PATYPE) VALUES 
(17, 97, 'EQUIPEMENT', TO_DATE('2024-09-08', 'YYYY-MM-DD'), 50, 2);
INSERT INTO PAIEMENTS (PANUMERO, JONUMERO, PALIBELLE, PADATE, PAMONTANT, PATYPE) VALUES 
(18, 48, 'COTISATION ANNUELLE', TO_DATE('2024-08-28', 'YYYY-MM-DD'), 150, 1);
INSERT INTO PAIEMENTS (PANUMERO, JONUMERO, PALIBELLE, PADATE, PAMONTANT, PATYPE) VALUES 
(19, 29, 'COTISATION ANNUELLE', TO_DATE('2024-08-29', 'YYYY-MM-DD'), 150, 1);
INSERT INTO PAIEMENTS (PANUMERO, JONUMERO, PALIBELLE, PADATE, PAMONTANT, PATYPE) VALUES 
(20,7, 'EQUIPEMENT', TO_DATE('2024-09-10', 'YYYY-MM-DD'), 50, 2);

/////////////////////////////////////////////////////////Paiment//////////////////////////////////////////////////
/*
SELECT constraint_name, constraint_type, search_condition
FROM user_constraints
WHERE table_name = 'MATERIELS';
*/
/*==============================================================*/
/* Insertion dans la table : MATERIELS                          */
/*==============================================================*/

INSERT INTO MATERIELS (MATERIELNUMERO, MATERIELNOM, MATERIELNOMBRE) VALUES 
(1, 'Ballons de football', 50);
INSERT INTO MATERIELS (MATERIELNUMERO, MATERIELNOM, MATERIELNOMBRE) VALUES 
(2, 'Chasubles entrainement', 30);
INSERT INTO MATERIELS (MATERIELNUMERO, MATERIELNOM, MATERIELNOMBRE) VALUES 
(3, 'Cones de signalisation', 100);
INSERT INTO MATERIELS (MATERIELNUMERO, MATERIELNOM, MATERIELNOMBRE) VALUES 
(4, 'Plots de marquage', 80);
INSERT INTO MATERIELS (MATERIELNUMERO, MATERIELNOM, MATERIELNOMBRE) VALUES 
(5, 'Maillots de match', 25);
INSERT INTO MATERIELS (MATERIELNUMERO, MATERIELNOM, MATERIELNOMBRE) VALUES 
(6, 'Shorts de match', 25);
INSERT INTO MATERIELS (MATERIELNUMERO, MATERIELNOM, MATERIELNOMBRE) VALUES 
(7, 'Paires de gants gardien', 5);
INSERT INTO MATERIELS (MATERIELNUMERO, MATERIELNOM, MATERIELNOMBRE) VALUES 
(8, 'Filets de but', 4);
INSERT INTO MATERIELS (MATERIELNUMERO, MATERIELNOM, MATERIELNOMBRE) VALUES 
(9, 'Poteaux de corner', 12);
INSERT INTO MATERIELS (MATERIELNUMERO, MATERIELNOM, MATERIELNOMBRE) VALUES 
(10, 'Bouteilles deau', 40);
INSERT INTO MATERIELS (MATERIELNUMERO, MATERIELNOM, MATERIELNOMBRE) VALUES 
(11, 'Sac de rangement', 10);
INSERT INTO MATERIELS (MATERIELNUMERO, MATERIELNOM, MATERIELNOMBRE) VALUES 
(12, 'Tablettes tactiques', 3);
INSERT INTO MATERIELS (MATERIELNUMERO, MATERIELNOM, MATERIELNOMBRE) VALUES 
(13, 'Kits de premiers secours', 4);
INSERT INTO MATERIELS (MATERIELNUMERO, MATERIELNOM, MATERIELNOMBRE) VALUES 
(14, 'Crampons de rechange', 60);
INSERT INTO MATERIELS (MATERIELNUMERO, MATERIELNOM, MATERIELNOMBRE) VALUES 
(15, 'Halteres legeres', 20);
INSERT INTO MATERIELS (MATERIELNUMERO, MATERIELNOM, MATERIELNOMBRE) VALUES 
(16, 'Elastiques de musculation', 15);
INSERT INTO MATERIELS (MATERIELNUMERO, MATERIELNOM, MATERIELNOMBRE) VALUES 
(17, 'Sifflets', 8);
INSERT INTO MATERIELS (MATERIELNUMERO, MATERIELNOM, MATERIELNOMBRE) VALUES 
(18, 'Crampons de match', 40);
INSERT INTO MATERIELS (MATERIELNUMERO, MATERIELNOM, MATERIELNOMBRE) VALUES 
(19, 'Serviettes de bain', 30);
INSERT INTO MATERIELS (MATERIELNUMERO, MATERIELNOM, MATERIELNOMBRE) VALUES 
(20, 'Bancs de musculation', 5);

/*==============================================================*/
/* Table : CONSTITUE                                            */
/*==============================================================*/
--DELETE FROM CONSTITUE;

-- Équipe 1 : FC SAINT-MICHEL (EQNUMERO = 1)

INSERT INTO CONSTITUE (JONUMERO, EQNUMERO) VALUES (1, 1);
INSERT INTO CONSTITUE (JONUMERO, EQNUMERO) VALUES (2, 1);
INSERT INTO CONSTITUE (JONUMERO, EQNUMERO) VALUES (3, 1);
INSERT INTO CONSTITUE (JONUMERO, EQNUMERO) VALUES (4, 1);
INSERT INTO CONSTITUE (JONUMERO, EQNUMERO) VALUES (5, 1);
INSERT INTO CONSTITUE (JONUMERO, EQNUMERO) VALUES (6, 1);
INSERT INTO CONSTITUE (JONUMERO, EQNUMERO) VALUES (7, 1);
INSERT INTO CONSTITUE (JONUMERO, EQNUMERO) VALUES (8, 1);
INSERT INTO CONSTITUE (JONUMERO, EQNUMERO) VALUES (9, 1);
INSERT INTO CONSTITUE (JONUMERO, EQNUMERO) VALUES (10, 1);
INSERT INTO CONSTITUE (JONUMERO, EQNUMERO) VALUES (11, 1);
INSERT INTO CONSTITUE (JONUMERO, EQNUMERO) VALUES (12, 1);
INSERT INTO CONSTITUE (JONUMERO, EQNUMERO) VALUES (54, 1);
INSERT INTO CONSTITUE (JONUMERO, EQNUMERO) VALUES (55, 1);
INSERT INTO CONSTITUE (JONUMERO, EQNUMERO) VALUES (56, 1);
INSERT INTO CONSTITUE (JONUMERO, EQNUMERO) VALUES (57, 1);
INSERT INTO CONSTITUE (JONUMERO, EQNUMERO) VALUES (58, 1);
INSERT INTO CONSTITUE (JONUMERO, EQNUMERO) VALUES (59, 1);
INSERT INTO CONSTITUE (JONUMERO, EQNUMERO) VALUES (60, 1);
INSERT INTO CONSTITUE (JONUMERO, EQNUMERO) VALUES (61, 1);
INSERT INTO CONSTITUE (JONUMERO, EQNUMERO) VALUES (62, 1);
INSERT INTO CONSTITUE (JONUMERO, EQNUMERO) VALUES (63, 1);

-- Équipe 2 : FC PARIS (EQNUMERO = 2)

INSERT INTO CONSTITUE (JONUMERO, EQNUMERO) VALUES (13, 2);
INSERT INTO CONSTITUE (JONUMERO, EQNUMERO) VALUES (14, 2);
INSERT INTO CONSTITUE (JONUMERO, EQNUMERO) VALUES (15, 2);
INSERT INTO CONSTITUE (JONUMERO, EQNUMERO) VALUES (16, 2);
INSERT INTO CONSTITUE (JONUMERO, EQNUMERO) VALUES (17, 2);
INSERT INTO CONSTITUE (JONUMERO, EQNUMERO) VALUES (18, 2);
INSERT INTO CONSTITUE (JONUMERO, EQNUMERO) VALUES (19, 2);
INSERT INTO CONSTITUE (JONUMERO, EQNUMERO) VALUES (20, 2);
INSERT INTO CONSTITUE (JONUMERO, EQNUMERO) VALUES (21, 2);
INSERT INTO CONSTITUE (JONUMERO, EQNUMERO) VALUES (22, 2);
INSERT INTO CONSTITUE (JONUMERO, EQNUMERO) VALUES (23, 2);
INSERT INTO CONSTITUE (JONUMERO, EQNUMERO) VALUES (64, 2);
INSERT INTO CONSTITUE (JONUMERO, EQNUMERO) VALUES (65, 2);
INSERT INTO CONSTITUE (JONUMERO, EQNUMERO) VALUES (66, 2);
INSERT INTO CONSTITUE (JONUMERO, EQNUMERO) VALUES (67, 2);
INSERT INTO CONSTITUE (JONUMERO, EQNUMERO) VALUES (68, 2);
INSERT INTO CONSTITUE (JONUMERO, EQNUMERO) VALUES (69, 2);
INSERT INTO CONSTITUE (JONUMERO, EQNUMERO) VALUES (70, 2);
INSERT INTO CONSTITUE (JONUMERO, EQNUMERO) VALUES (71, 2);
INSERT INTO CONSTITUE (JONUMERO, EQNUMERO) VALUES (100, 2);

-- Équipe 3 : FC LYON (EQNUMERO = 3)

INSERT INTO CONSTITUE (JONUMERO, EQNUMERO) VALUES (24, 3);
INSERT INTO CONSTITUE (JONUMERO, EQNUMERO) VALUES (25, 3);
INSERT INTO CONSTITUE (JONUMERO, EQNUMERO) VALUES (26, 3);
INSERT INTO CONSTITUE (JONUMERO, EQNUMERO) VALUES (27, 3);
INSERT INTO CONSTITUE (JONUMERO, EQNUMERO) VALUES (28, 3);
INSERT INTO CONSTITUE (JONUMERO, EQNUMERO) VALUES (29, 3);
INSERT INTO CONSTITUE (JONUMERO, EQNUMERO) VALUES (30, 3);
INSERT INTO CONSTITUE (JONUMERO, EQNUMERO) VALUES (31, 3);
INSERT INTO CONSTITUE (JONUMERO, EQNUMERO) VALUES (32, 3);
INSERT INTO CONSTITUE (JONUMERO, EQNUMERO) VALUES (33, 3);
INSERT INTO CONSTITUE (JONUMERO, EQNUMERO) VALUES (72, 3);
INSERT INTO CONSTITUE (JONUMERO, EQNUMERO) VALUES (73, 3);
INSERT INTO CONSTITUE (JONUMERO, EQNUMERO) VALUES (74, 3);
INSERT INTO CONSTITUE (JONUMERO, EQNUMERO) VALUES (75, 3);
INSERT INTO CONSTITUE (JONUMERO, EQNUMERO) VALUES (76, 3);
INSERT INTO CONSTITUE (JONUMERO, EQNUMERO) VALUES (77, 3);
INSERT INTO CONSTITUE (JONUMERO, EQNUMERO) VALUES (78, 3);
INSERT INTO CONSTITUE (JONUMERO, EQNUMERO) VALUES (79, 3);
INSERT INTO CONSTITUE (JONUMERO, EQNUMERO) VALUES (99, 3);

-- Équipe 4 : FC MARSEILLE (EQNUMERO = 4)

INSERT INTO CONSTITUE (JONUMERO, EQNUMERO) VALUES (34, 4);
INSERT INTO CONSTITUE (JONUMERO, EQNUMERO) VALUES (35, 4);
INSERT INTO CONSTITUE (JONUMERO, EQNUMERO) VALUES (36, 4);
INSERT INTO CONSTITUE (JONUMERO, EQNUMERO) VALUES (37, 4);
INSERT INTO CONSTITUE (JONUMERO, EQNUMERO) VALUES (38, 4);
INSERT INTO CONSTITUE (JONUMERO, EQNUMERO) VALUES (39, 4);
INSERT INTO CONSTITUE (JONUMERO, EQNUMERO) VALUES (40, 4);
INSERT INTO CONSTITUE (JONUMERO, EQNUMERO) VALUES (41, 4);
INSERT INTO CONSTITUE (JONUMERO, EQNUMERO) VALUES (42, 4);
INSERT INTO CONSTITUE (JONUMERO, EQNUMERO) VALUES (43, 4);
INSERT INTO CONSTITUE (JONUMERO, EQNUMERO) VALUES (80, 4);
INSERT INTO CONSTITUE (JONUMERO, EQNUMERO) VALUES (81, 4);
INSERT INTO CONSTITUE (JONUMERO, EQNUMERO) VALUES (82, 4);
INSERT INTO CONSTITUE (JONUMERO, EQNUMERO) VALUES (83, 4);
INSERT INTO CONSTITUE (JONUMERO, EQNUMERO) VALUES (84, 4);
INSERT INTO CONSTITUE (JONUMERO, EQNUMERO) VALUES (85, 4);
INSERT INTO CONSTITUE (JONUMERO, EQNUMERO) VALUES (86, 4);
INSERT INTO CONSTITUE (JONUMERO, EQNUMERO) VALUES (97, 4);
INSERT INTO CONSTITUE (JONUMERO, EQNUMERO) VALUES (98, 4);

-- Équipe 5 : FC NANTES (EQNUMERO = 5)

INSERT INTO CONSTITUE (JONUMERO, EQNUMERO) VALUES (44, 5);
INSERT INTO CONSTITUE (JONUMERO, EQNUMERO) VALUES (45, 5);
INSERT INTO CONSTITUE (JONUMERO, EQNUMERO) VALUES (46, 5);
INSERT INTO CONSTITUE (JONUMERO, EQNUMERO) VALUES (47, 5);
INSERT INTO CONSTITUE (JONUMERO, EQNUMERO) VALUES (48, 5);
INSERT INTO CONSTITUE (JONUMERO, EQNUMERO) VALUES (49, 5);
INSERT INTO CONSTITUE (JONUMERO, EQNUMERO) VALUES (50, 5);
INSERT INTO CONSTITUE (JONUMERO, EQNUMERO) VALUES (51, 5);
INSERT INTO CONSTITUE (JONUMERO, EQNUMERO) VALUES (52, 5);
INSERT INTO CONSTITUE (JONUMERO, EQNUMERO) VALUES (53, 5);
INSERT INTO CONSTITUE (JONUMERO, EQNUMERO) VALUES (87, 5);
INSERT INTO CONSTITUE (JONUMERO, EQNUMERO) VALUES (88, 5);
INSERT INTO CONSTITUE (JONUMERO, EQNUMERO) VALUES (89, 5);
INSERT INTO CONSTITUE (JONUMERO, EQNUMERO) VALUES (90, 5);
INSERT INTO CONSTITUE (JONUMERO, EQNUMERO) VALUES (91, 5);
INSERT INTO CONSTITUE (JONUMERO, EQNUMERO) VALUES (92, 5);
INSERT INTO CONSTITUE (JONUMERO, EQNUMERO) VALUES (93, 5);
INSERT INTO CONSTITUE (JONUMERO, EQNUMERO) VALUES (94, 5);
INSERT INTO CONSTITUE (JONUMERO, EQNUMERO) VALUES (95, 5);
INSERT INTO CONSTITUE (JONUMERO, EQNUMERO) VALUES (96, 5);


/*
SELECT constraint_name, constraint_type, search_condition
FROM user_constraints
WHERE table_name = 'TRAININGS';
*/
/*==============================================================*/
/* Table : TRAININGS                                            */
/*==============================================================*/

INSERT INTO TRAININGS (TRNUMERO, EQNUMERO, TRDATE_DEB, TRDATE_FIN) VALUES (1, 1, TO_DATE('2024-10-01 18:00', 'YYYY-MM-DD HH24:MI'), TO_DATE('2024-10-01 20:00', 'YYYY-MM-DD HH24:MI'));
INSERT INTO TRAININGS (TRNUMERO, EQNUMERO, TRDATE_DEB, TRDATE_FIN) VALUES (2, 1, TO_DATE('2024-10-03 18:00', 'YYYY-MM-DD HH24:MI'), TO_DATE('2024-10-03 20:00', 'YYYY-MM-DD HH24:MI'));
INSERT INTO TRAININGS (TRNUMERO, EQNUMERO, TRDATE_DEB, TRDATE_FIN) VALUES (3, 1, TO_DATE('2024-10-05 18:00', 'YYYY-MM-DD HH24:MI'), TO_DATE('2024-10-05 20:00', 'YYYY-MM-DD HH24:MI'));
INSERT INTO TRAININGS (TRNUMERO, EQNUMERO, TRDATE_DEB, TRDATE_FIN) VALUES (4, 2, TO_DATE('2024-10-02 19:00', 'YYYY-MM-DD HH24:MI'), TO_DATE('2024-10-02 21:00', 'YYYY-MM-DD HH24:MI'));
INSERT INTO TRAININGS (TRNUMERO, EQNUMERO, TRDATE_DEB, TRDATE_FIN) VALUES (5, 2, TO_DATE('2024-10-04 19:00', 'YYYY-MM-DD HH24:MI'), TO_DATE('2024-10-04 21:00', 'YYYY-MM-DD HH24:MI'));
INSERT INTO TRAININGS (TRNUMERO, EQNUMERO, TRDATE_DEB, TRDATE_FIN) VALUES (6, 2, TO_DATE('2024-10-06 19:00', 'YYYY-MM-DD HH24:MI'), TO_DATE('2024-10-06 21:00', 'YYYY-MM-DD HH24:MI'));
INSERT INTO TRAININGS (TRNUMERO, EQNUMERO, TRDATE_DEB, TRDATE_FIN) VALUES (7, 3, TO_DATE('2024-10-01 17:30', 'YYYY-MM-DD HH24:MI'), TO_DATE('2024-10-01 19:30', 'YYYY-MM-DD HH24:MI'));
INSERT INTO TRAININGS (TRNUMERO, EQNUMERO, TRDATE_DEB, TRDATE_FIN) VALUES (8, 3, TO_DATE('2024-10-03 17:30', 'YYYY-MM-DD HH24:MI'), TO_DATE('2024-10-03 19:30', 'YYYY-MM-DD HH24:MI'));
INSERT INTO TRAININGS (TRNUMERO, EQNUMERO, TRDATE_DEB, TRDATE_FIN) VALUES (9, 3, TO_DATE('2024-10-05 17:30', 'YYYY-MM-DD HH24:MI'), TO_DATE('2024-10-05 19:30', 'YYYY-MM-DD HH24:MI'));
INSERT INTO TRAININGS (TRNUMERO, EQNUMERO, TRDATE_DEB, TRDATE_FIN) VALUES (10, 4, TO_DATE('2024-10-02 18:30', 'YYYY-MM-DD HH24:MI'), TO_DATE('2024-10-02 20:30', 'YYYY-MM-DD HH24:MI'));
INSERT INTO TRAININGS (TRNUMERO, EQNUMERO, TRDATE_DEB, TRDATE_FIN) VALUES (11, 4, TO_DATE('2024-10-04 18:30', 'YYYY-MM-DD HH24:MI'), TO_DATE('2024-10-04 20:30', 'YYYY-MM-DD HH24:MI'));
INSERT INTO TRAININGS (TRNUMERO, EQNUMERO, TRDATE_DEB, TRDATE_FIN) VALUES (12, 4, TO_DATE('2024-10-06 18:30', 'YYYY-MM-DD HH24:MI'), TO_DATE('2024-10-06 20:30', 'YYYY-MM-DD HH24:MI'));
INSERT INTO TRAININGS (TRNUMERO, EQNUMERO, TRDATE_DEB, TRDATE_FIN) VALUES (13, 5, TO_DATE('2024-10-01 19:00', 'YYYY-MM-DD HH24:MI'), TO_DATE('2024-10-01 21:00', 'YYYY-MM-DD HH24:MI'));
INSERT INTO TRAININGS (TRNUMERO, EQNUMERO, TRDATE_DEB, TRDATE_FIN) VALUES (14, 5, TO_DATE('2024-10-03 19:00', 'YYYY-MM-DD HH24:MI'), TO_DATE('2024-10-03 21:00', 'YYYY-MM-DD HH24:MI'));
INSERT INTO TRAININGS (TRNUMERO, EQNUMERO, TRDATE_DEB, TRDATE_FIN) VALUES (15, 5, TO_DATE('2024-10-05 19:00', 'YYYY-MM-DD HH24:MI'), TO_DATE('2024-10-05 21:00', 'YYYY-MM-DD HH24:MI'));
INSERT INTO TRAININGS (TRNUMERO, EQNUMERO, TRDATE_DEB, TRDATE_FIN) VALUES (16, 1, TO_DATE('2024-10-08 18:00', 'YYYY-MM-DD HH24:MI'), TO_DATE('2024-10-08 20:00', 'YYYY-MM-DD HH24:MI'));
INSERT INTO TRAININGS (TRNUMERO, EQNUMERO, TRDATE_DEB, TRDATE_FIN) VALUES (17, 2, TO_DATE('2024-10-07 19:00', 'YYYY-MM-DD HH24:MI'), TO_DATE('2024-10-07 21:00', 'YYYY-MM-DD HH24:MI'));
INSERT INTO TRAININGS (TRNUMERO, EQNUMERO, TRDATE_DEB, TRDATE_FIN) VALUES (18, 3, TO_DATE('2024-10-09 17:30', 'YYYY-MM-DD HH24:MI'), TO_DATE('2024-10-09 19:30', 'YYYY-MM-DD HH24:MI'));
INSERT INTO TRAININGS (TRNUMERO, EQNUMERO, TRDATE_DEB, TRDATE_FIN) VALUES (19, 4, TO_DATE('2024-10-07 18:30', 'YYYY-MM-DD HH24:MI'), TO_DATE('2024-10-07 20:30', 'YYYY-MM-DD HH24:MI'));
INSERT INTO TRAININGS (TRNUMERO, EQNUMERO, TRDATE_DEB, TRDATE_FIN) VALUES (20, 5, TO_DATE('2024-10-07 19:00', 'YYYY-MM-DD HH24:MI'), TO_DATE('2024-10-07 21:00', 'YYYY-MM-DD HH24:MI'));

-- Pour le training 1 (01/10/24)
INSERT INTO EST_UTILISE_DANS (TRNUMERO, MATERIELNUMERO, NOMBREUTILISE) VALUES (1, 1, 5); -- Ballons de football
INSERT INTO EST_UTILISE_DANS (TRNUMERO, MATERIELNUMERO, NOMBREUTILISE) VALUES (1, 2, 10); -- Chasubles entrainement
INSERT INTO EST_UTILISE_DANS (TRNUMERO, MATERIELNUMERO, NOMBREUTILISE) VALUES (1, 3, 20); -- Cones de signalisation
INSERT INTO EST_UTILISE_DANS (TRNUMERO, MATERIELNUMERO, NOMBREUTILISE) VALUES (1, 4, 15); -- Plots de marquage

-- Pour le training 2 (03/10/24)
INSERT INTO EST_UTILISE_DANS (TRNUMERO, MATERIELNUMERO, NOMBREUTILISE) VALUES (2, 1, 6); -- Ballons de football
INSERT INTO EST_UTILISE_DANS (TRNUMERO, MATERIELNUMERO, NOMBREUTILISE) VALUES (2, 5, 11); -- Maillots de match
INSERT INTO EST_UTILISE_DANS (TRNUMERO, MATERIELNUMERO, NOMBREUTILISE) VALUES (2, 6, 10); -- Shorts de match
INSERT INTO EST_UTILISE_DANS (TRNUMERO, MATERIELNUMERO, NOMBREUTILISE) VALUES (2, 3, 25); -- Cones de signalisation

-- Pour le training 3 (05/10/24)
INSERT INTO EST_UTILISE_DANS (TRNUMERO, MATERIELNUMERO, NOMBREUTILISE) VALUES (3, 1, 7); -- Ballons de football
INSERT INTO EST_UTILISE_DANS (TRNUMERO, MATERIELNUMERO, NOMBREUTILISE) VALUES (3, 2, 12); -- Chasubles entrainement
INSERT INTO EST_UTILISE_DANS (TRNUMERO, MATERIELNUMERO, NOMBREUTILISE) VALUES (3, 4, 10); -- Plots de marquage
INSERT INTO EST_UTILISE_DANS (TRNUMERO, MATERIELNUMERO, NOMBREUTILISE) VALUES (3, 7, 2); -- Paires de gants gardien

-- Pour le training 4 (02/10/24)
INSERT INTO EST_UTILISE_DANS (TRNUMERO, MATERIELNUMERO, NOMBREUTILISE) VALUES (4, 1, 6); -- Ballons de football
INSERT INTO EST_UTILISE_DANS (TRNUMERO, MATERIELNUMERO, NOMBREUTILISE) VALUES (4, 2, 8); -- Chasubles entrainement
INSERT INTO EST_UTILISE_DANS (TRNUMERO, MATERIELNUMERO, NOMBREUTILISE) VALUES (4, 3, 20); -- Cones de signalisation

-- Pour le training 5 (04/10/24)
INSERT INTO EST_UTILISE_DANS (TRNUMERO, MATERIELNUMERO, NOMBREUTILISE) VALUES (5, 1, 5); -- Ballons de football
INSERT INTO EST_UTILISE_DANS (TRNUMERO, MATERIELNUMERO, NOMBREUTILISE) VALUES (5, 4, 15); -- Plots de marquage
INSERT INTO EST_UTILISE_DANS (TRNUMERO, MATERIELNUMERO, NOMBREUTILISE) VALUES (5, 5, 10); -- Maillots de match

-- Pour le training 6 (06/10/24)
INSERT INTO EST_UTILISE_DANS (TRNUMERO, MATERIELNUMERO, NOMBREUTILISE) VALUES (6, 1, 6); -- Ballons de football
INSERT INTO EST_UTILISE_DANS (TRNUMERO, MATERIELNUMERO, NOMBREUTILISE) VALUES (6, 3, 25); -- Cones de signalisation
INSERT INTO EST_UTILISE_DANS (TRNUMERO, MATERIELNUMERO, NOMBREUTILISE) VALUES (6, 6, 10); -- Shorts de match

-- Pour le training 7 (01/10/24)
INSERT INTO EST_UTILISE_DANS (TRNUMERO, MATERIELNUMERO, NOMBREUTILISE) VALUES (7, 1, 5); -- Ballons de football
INSERT INTO EST_UTILISE_DANS (TRNUMERO, MATERIELNUMERO, NOMBREUTILISE) VALUES (7, 2, 10); -- Chasubles entrainement
INSERT INTO EST_UTILISE_DANS (TRNUMERO, MATERIELNUMERO, NOMBREUTILISE) VALUES (7, 3, 20); -- Cones de signalisation

-- Pour le training 8 (03/10/24)
INSERT INTO EST_UTILISE_DANS (TRNUMERO, MATERIELNUMERO, NOMBREUTILISE) VALUES (8, 1, 5); -- Ballons de football
INSERT INTO EST_UTILISE_DANS (TRNUMERO, MATERIELNUMERO, NOMBREUTILISE) VALUES (8, 4, 12); -- Plots de marquage
INSERT INTO EST_UTILISE_DANS (TRNUMERO, MATERIELNUMERO, NOMBREUTILISE) VALUES (8, 7, 2); -- Paires de gants gardien

-- Pour le training 9 (05/10/24)
INSERT INTO EST_UTILISE_DANS (TRNUMERO, MATERIELNUMERO, NOMBREUTILISE) VALUES (9, 1, 6); -- Ballons de football
INSERT INTO EST_UTILISE_DANS (TRNUMERO, MATERIELNUMERO, NOMBREUTILISE) VALUES (9, 2, 10); -- Chasubles entrainement
INSERT INTO EST_UTILISE_DANS (TRNUMERO, MATERIELNUMERO, NOMBREUTILISE) VALUES (9, 5, 12); -- Maillots de match

-- Pour le training 10 (02/10/24)
INSERT INTO EST_UTILISE_DANS (TRNUMERO, MATERIELNUMERO, NOMBREUTILISE) VALUES (10, 1, 5); -- Ballons de football
INSERT INTO EST_UTILISE_DANS (TRNUMERO, MATERIELNUMERO, NOMBREUTILISE) VALUES (10, 3, 20); -- Cones de signalisation
INSERT INTO EST_UTILISE_DANS (TRNUMERO, MATERIELNUMERO, NOMBREUTILISE) VALUES (10, 9, 4); -- Poteaux de corner

-- Pour le training 11 (04/10/24)
INSERT INTO EST_UTILISE_DANS (TRNUMERO, MATERIELNUMERO, NOMBREUTILISE) VALUES (11, 1, 6); -- Ballons de football
INSERT INTO EST_UTILISE_DANS (TRNUMERO, MATERIELNUMERO, NOMBREUTILISE) VALUES (11, 4, 10); -- Plots de marquage
INSERT INTO EST_UTILISE_DANS (TRNUMERO, MATERIELNUMERO, NOMBREUTILISE) VALUES (11, 8, 2); -- Filets de but

-- Pour le training 12 (06/10/24)
INSERT INTO EST_UTILISE_DANS (TRNUMERO, MATERIELNUMERO, NOMBREUTILISE) VALUES (12, 1, 7); -- Ballons de football
INSERT INTO EST_UTILISE_DANS (TRNUMERO, MATERIELNUMERO, NOMBREUTILISE) VALUES (12, 2, 12); -- Chasubles entrainement
INSERT INTO EST_UTILISE_DANS (TRNUMERO, MATERIELNUMERO, NOMBREUTILISE) VALUES (12, 5, 10); -- Maillots de match

-- Pour le training 13 (01/10/24)
INSERT INTO EST_UTILISE_DANS (TRNUMERO, MATERIELNUMERO, NOMBREUTILISE) VALUES (13, 1, 5); -- Ballons de football
INSERT INTO EST_UTILISE_DANS (TRNUMERO, MATERIELNUMERO, NOMBREUTILISE) VALUES (13, 3, 18); -- Cones de signalisation
INSERT INTO EST_UTILISE_DANS (TRNUMERO, MATERIELNUMERO, NOMBREUTILISE) VALUES (13, 9, 4); -- Poteaux de corner

-- Pour le training 14 (03/10/24)
INSERT INTO EST_UTILISE_DANS (TRNUMERO, MATERIELNUMERO, NOMBREUTILISE) VALUES (14, 1, 6); -- Ballons de football
INSERT INTO EST_UTILISE_DANS (TRNUMERO, MATERIELNUMERO, NOMBREUTILISE) VALUES (14, 2, 10); -- Chasubles entrainement
INSERT INTO EST_UTILISE_DANS (TRNUMERO, MATERIELNUMERO, NOMBREUTILISE) VALUES (14, 7, 2); -- Paires de gants gardien

-- Pour le training 15 (05/10/24)
INSERT INTO EST_UTILISE_DANS (TRNUMERO, MATERIELNUMERO, NOMBREUTILISE) VALUES (15, 1, 7); -- Ballons de football
INSERT INTO EST_UTILISE_DANS (TRNUMERO, MATERIELNUMERO, NOMBREUTILISE) VALUES (15, 6, 8); -- Shorts de match
INSERT INTO EST_UTILISE_DANS (TRNUMERO, MATERIELNUMERO, NOMBREUTILISE) VALUES (15, 9, 4); -- Poteaux de corner

-- Pour le training 16 (08/10/24)
INSERT INTO EST_UTILISE_DANS (TRNUMERO, MATERIELNUMERO, NOMBREUTILISE) VALUES (16, 1, 5); -- Ballons de football
INSERT INTO EST_UTILISE_DANS (TRNUMERO, MATERIELNUMERO, NOMBREUTILISE) VALUES (16, 3, 20); -- Cones de signalisation
INSERT INTO EST_UTILISE_DANS (TRNUMERO, MATERIELNUMERO, NOMBREUTILISE) VALUES (16, 8, 2); -- Filets de but
INSERT INTO EST_UTILISE_DANS (TRNUMERO, MATERIELNUMERO, NOMBREUTILISE) VALUES (16, 9, 4); -- Poteaux de corner

-- Pour le training 17 (07/10/24)
INSERT INTO EST_UTILISE_DANS (TRNUMERO, MATERIELNUMERO, NOMBREUTILISE) VALUES (17, 1, 6); -- Ballons de football
INSERT INTO EST_UTILISE_DANS (TRNUMERO, MATERIELNUMERO, NOMBREUTILISE) VALUES (17, 3, 18); -- Cones de signalisation
INSERT INTO EST_UTILISE_DANS (TRNUMERO, MATERIELNUMERO, NOMBREUTILISE) VALUES (17, 9, 4); -- Poteaux de corner

-- Pour le training 18 (09/10/24)
INSERT INTO EST_UTILISE_DANS (TRNUMERO, MATERIELNUMERO, NOMBREUTILISE) VALUES (18, 1, 5); -- Ballons de football
INSERT INTO EST_UTILISE_DANS (TRNUMERO, MATERIELNUMERO, NOMBREUTILISE) VALUES (18, 2, 12); -- Chasubles entrainement
INSERT INTO EST_UTILISE_DANS (TRNUMERO, MATERIELNUMERO, NOMBREUTILISE) VALUES (18, 8, 2); -- Filets de but

-- Pour le training 19 (07/10/24)
INSERT INTO EST_UTILISE_DANS (TRNUMERO, MATERIELNUMERO, NOMBREUTILISE) VALUES (19, 1, 6); -- Ballons de football
INSERT INTO EST_UTILISE_DANS (TRNUMERO, MATERIELNUMERO, NOMBREUTILISE) VALUES (19, 4, 15); -- Plots de marquage
INSERT INTO EST_UTILISE_DANS (TRNUMERO, MATERIELNUMERO, NOMBREUTILISE) VALUES (19, 6, 10); -- Shorts de match

-- Pour le training 20 (07/10/24)
INSERT INTO EST_UTILISE_DANS (TRNUMERO, MATERIELNUMERO, NOMBREUTILISE) VALUES (20, 1, 5); -- Ballons de football
INSERT INTO EST_UTILISE_DANS (TRNUMERO, MATERIELNUMERO, NOMBREUTILISE) VALUES (20, 3, 20); -- Cones de signalisation
INSERT INTO EST_UTILISE_DANS (TRNUMERO, MATERIELNUMERO, NOMBREUTILISE) VALUES (20, 7, 2); -- Paires de gants gardien
